cid,smiles
21423,B(OCCCCCC)(OCCCCCC)OCCCCCC
25058171,[B-]1(N2C(=CC(=C2C(=C3[N+]1=C(C=C3C)C)C4=CC=C(C=C4)I)C)C)(F)F
16218385,B1(OC(C(O1)(C)C)(C)C)C2=CN(N=C2)CC(=O)OCC
72214340,B1(OC(C(O1)(C)C)(C)C)C2=CC(=CC(=N2)F)C(=O)OC
51034569,B1(OC(C(O1)(C)C)(C)C)C2=CC(=CC(=C2Cl)N)F
72213449,B1(OC(C(O1)(C)C)(C)C)C2=CC(=NN2)C3CC3
86723268,B1(OC(C(O1)(C)C)(C)C)C2=C(C=CC(=C2)OCC3=CC=C(C=C3)OC)F
57826915,B1(OC(C(O1)(C)C)(C)C)C2=C(C=NN2CC)C
2760605,B1(OC(C(O1)(C)C)(C)C)C2=CC=C(C=C2)C(F)(F)F
90414968,B1(OC(C(O1)(C)C)(C)C)C2=C(N=C(C=C2)C(F)(F)F)F
53398525,B1(OC(C(O1)(C)C)(C)C)C2=CC(=CN=C2)OC3=CC=CC=C3
66520624,B1(OC(C(O1)(C)C)(C)C)C2=C(C=NC=C2)CCC
66583732,B1(OC(C(O1)(C)C)(C)C)C2=CCC(CC2)(C)C(=O)OCC
57416439,B1(OC(C(O1)(C)C)(C)C)C2=CN=C(N=C2C(F)(F)F)N
45785720,B1(OC(C(O1)(C)C)(C)C)C2=CN=C(C=N2)F
71386314,B(CCCCCC)(CCCCCC)C(=CCCCC)CCCCCC
72218795,B1(OC(C(O1)(C)C)(C)C)C2=C(C=CN=C2)C(=O)OC
49760512,B1(OC(C(O1)(C)C)(C)C)C2=CC(=NC=C2C)F
45786327,B1(OC(C(O1)(C)C)(C)C)C2=NC=C(C=C2)C3CCCC3
17998927,B1(OC(C(O1)(C)C)(C)C)C2=CN(N=C2)CC3OCCO3
2769537,B1(OC(C(O1)(C)C)(C)C)C2=CC(=NC=C2)N3CCN(CC3)C
53217354,B1(OC(C(O1)(C)C)(C)C)C2=C(C=CC(=C2)F)C=O
22171538,B1(OC(C(O1)(C)C)(C)C)C2=C(C=C(C=C2)C(=O)OC)Cl
68109885,B1(OC(C(O1)(C)C)(C)C)C2=CC(=C(N=C2)OCC(C)C)Cl
12496359,B(CCCCCCCC)(CCCCCCCC)C(C)(C)C(C)C
66520684,B1(OC(C(O1)(C)C)(C)C)C2=CC(=CN=C2)C3=CC(=CC(=C3)F)F
53216815,B1(OC(C(O1)(C)C)(C)C)C2=CN(N=C2C)C(=O)OC(C)(C)C
86346452,B1(OC(C(O1)(C)C)(C)C)C2=CN=C(C=C2)C(OC)OC
3822087,B1(OC(C(O1)(C)C)(C)C)C2=CC(=CC=C2)C(=O)OC(C)(C)C
72221600,B1(OC(C(O1)(C)C)(C)C)C2=CC(=CN=C2OC(C)C)Cl
66520976,B1(OC(C(O1)(C)C)(C)C)C2=C(N=C(S2)C(=O)OC)C3CC3
68194673,B1(OC(C(O1)(C)C)(C)C)C2=CN(N=C2C)C3=CN=CC=C3
45786352,B1(OC(C(O1)(C)C)(C)C)C2=CC(=CO2)C3=CC=CC=C3C
89239536,B(OCC(CCC)CCCCC)(OCC(CCC)CCCCC)OCC(CCC)CCCCC
59327133,B1(OC(C(O1)(C)C)(C)C)C2=CN(N=C2)C3CC3
49758728,B1(OC(C(O1)(C)C)(C)C)C2=CN=C(N=C2)C3=CC=CC=C3F
53216799,B1(OC(C(O1)(C)C)(C)C)C2=CN=C(C=C2F)Cl
71303008,B1(OC(C(O1)(C)C)(C)C)C2=CNC(=O)C(=C2)C
292409,B(OCCCCCCCCCCCCCCCC)(OCCCCCCCCCCCCCCCC)OCCCCCCCCCCCCCCCC
15906194,B1(OC(C(O1)(C)C)(C)C)C2=CC(=C(C=C2)C)C
72221032,B1(OC(C(O1)(C)C)(C)C)C2=NN(C(=O)C=C2)C
66977628,B1(OC(C(O1)(C)C)(C)C)C2=C3CCN(C3=CC=C2)C(=O)OC(C)(C)C
45786121,[2H]C([2H])([2H])C1=CC=C(C=C1)C2=NC(=CS2)B3OC(C(O3)(C)C)(C)C
71420187,B(C1=C(C2=CC=CC=C2C=C1)C3=CC=CC4=CC=CC=C43)(C5=C(C(=C(C(=C5F)F)F)F)F)C6=C(C(=C(C(=C6F)F)F)F)F
3056362,B(OC(C1CCCCC1)C2CCCCC2)(OC(C3CCCCC3)C4CCCCC4)OC(C5CCCCC5)C6CCCCC6
57370080,B1(OC(C(O1)(C)C)(C)C)C2=C(C=CN=C2)C
16218387,B1(OC(C(O1)(C)C)(C)C)C2=C(N(N=C2C)C(=O)OC(C)(C)C)C
17750270,B1(OC(C(O1)(C)C)(C)C)C2=C(NN=C2)C
72220685,B1(OC(C(O1)(C)C)(C)C)C2=CC(=CN=C2)OC3CCCC3
53217165,B1(OC(C(O1)(C)C)(C)C)C2=COCC2
71306486,B1(OC(C(O1)(C)C)(C)C)C2=CC=C(C=C2)C=NC3CCCC3
73977890,B1(OC(C(O1)(C)C)(C)C)C2=CC=NN2C3COC3
57914141,B1(OC(C(O1)(C)C)(C)C)C2=CC(=NN2C3CCCCO3)C(F)(F)F
17750505,B1(OC(C(O1)(C)C)(C)C)C2=CN=CC(=N2)N
46739108,B1(OC(C(O1)(C)C)(C)C)C2=CC=CN2C(=O)OC(C)(C)C
72219067,B1(OC(C(O1)(C)C)(C)C)C2=CC(=CN=C2N)Cl
49760495,B1(OC(C(O1)(C)C)(C)C)C2=CC(=NC=C2)OCC(C)(C)C
45785970,B1(OC(C(O1)(C)C)(C)C)C2=CN=C(C=N2)N3CCCC3=O
45785881,B1(OC(C(O1)(C)C)(C)C)C2=CN=C(C=N2)C3=CC(=CC(=C3)F)F
72219119,B1(OC(C(O1)(C)C)(C)C)C2=C(C=NC=C2)C(C)(C)C
46738008,B1(OC(C(O1)(C)C)(C)C)C2=CC(=C(N=C2)N)N
72221109,B1(OC(C(O1)(C)C)(C)C)C(=C)C(C)C
16414215,B1(OC(C(O1)(C)C)(C)C)C2=CN=C(N=C2)N(C)C
17750215,B1(OC(C(O1)(C)C)(C)C)C2=CC(=C(C=C2)OCC3=CC=CC=C3)OC
16414230,B1(OC(C(O1)(C)C)(C)C)C2=CC(=CC=C2)S(=O)(=O)N
45786028,B1(OC(C(O1)(C)C)(C)C)C2=CC(=NC=C2)N3CCCC3
11436620,B1(OC(C(O1)(C)C)(C)C)C2=CC(=C(C=C2)F)C=O
2795311,B1(OC(C(O1)(C)C)(C)C)C2=C(N(N=C2C)C)C
45786044,B1(OC(C(O1)(C)C)(C)C)C2=NC=CC(=C2)C3=CC=CC=C3F
66509405,B1(OC(C(O1)(C)C)(C)C)C2=NN(C=C2)C(C)C
45785985,B1(OC(C(O1)(C)C)(C)C)C2=CC(=NC=C2)C(C)(C)C
24208797,B1(OC(C(O1)(C)C)(C)C)C2=CN=C(C=C2)OCC3CC3
45786004,B1(OC(C(O1)(C)C)(C)C)C2=CC(=NC=C2)C3=CC=CC=C3F
17750508,B1(OC(C(O1)(C)C)(C)C)C2=NC(=CC=C2)OC
37132,B(OCCN(CC)CC)(OCCN(CC)CC)OCCN(CC)CC
25130127,B1(OC(C(O1)(C)C)(C)C)C2=CC(=C(C(=C2)[N+](=O)[O-])N)C
68229229,B1(OC(C(O1)(C)C)(C)C)C2=CC=C(C=C2)C3CCCN(C3)C(=O)OC(C)(C)C
45786548,B1(OC(C(O1)(C)C)(C)C)C2=NC=CC(=C2)C3CCOCC3
45785707,B1(OC(C(O1)(C)C)(C)C)C2=CC(=NC=C2)N
45786289,B1(OC(C(O1)(C)C)(C)C)C2=NC(=CC=C2)C3=CC(=C(C=C3)F)F
66521161,B1(OC(C(O1)(C)C)(C)C)C2=CN(N=C2)C3=CC(=C(C=C3)F)F
53216772,B1(OC(C(O1)(C)C)(C)C)C2=CC(=C(N=C2)N)C
53217204,B1(OC(C(O1)(C)C)(C)C)C2=CC(=CN=C2OCC(C)C)C(F)(F)F
71014379,B1(OC(C(O1)(C)C)(C)C)C2=NC(=C(C=C2)N)OC
45786342,B1(OC(C(O1)(C)C)(C)C)C2=CC(=CS2)C(C)C
66521470,B1(OC(C(O1)(C)C)(C)C)C2=CN=C(S2)N3CCCCC3=O
86685330,B1(OC(C(O1)(C)C)(C)C)C2=CN(N=C2)CCS(=O)(=O)C
11727684,[B](C1=C(C(=C(C(=C1F)F)F)F)F)C2=C(C(=C(C(=C2F)F)F)F)F
64670,B(OCCCCCCCCCCCCCC)(OCCCCCCCCCCCCCC)OCCCCCCCCCCCCCC
12420317,B(CCCC)(CCCC)CC=C
22831617,B1(OC(C(O1)(C)C)(C)C)C2=CN=C(C=C2)C(=O)N(CC)CC
70974710,B1(OC(C(O1)(C)C)(C)C)C2=CC(=C(C=C2)N3CCN(CC3)C)F
44717655,B1(OC(C(O1)(C)C)(C)C)C2=C(N=C(C=C2)C)F
46738305,B1(OC(C(O1)(C)C)(C)C)C2=CSC(=C2)C(=O)OCC
45785775,B1(OC(C(O1)(C)C)(C)C)C2=CSC(=N2)N3CCC(CC3)C
53217114,B1(OC(C(O1)(C)C)(C)C)C2=CC=NN2C(=O)OC(C)(C)C
72220388,B1(OC(C(O1)(C)C)(C)C)C2=CC(=C(N=C2)N(C)C)C(=O)OC
49761010,B1(OC(C(O1)(C)C)(C)C)C2=CCCN(C2)C
67295092,B1(OC(C(O1)(C)C)(C)C)C2=CN=C(C=C2)C3=C(C=CC=C3F)F
2773208,B1(OC(C(O1)(C)C)(C)C)C2=CC=C(C=C2)CN
46739455,B1(OC(C(O1)(C)C)(C)C)C2=CC(=C(N=C2)C)C(=O)OCC
75487402,B1(OC(C(O1)(C)C)(C)C)C2=CC(=CC(=C2N)N)F
53485992,B1(OC(C(O1)(C)C)(C)C)C2=NC(=C(C=C2)C(=O)OC)OC
60146010,B1(OC(C(O1)(C)C)(C)C)C2=CN=C(C=C2C)OC
72218900,B1(OC(C(O1)(C)C)(C)C)C2=CN=C(C=C2C)N(C)C
68350068,B1(OC(C(O1)(C)C)(C)C)C2=CSC(=C2C)C(=O)OC
53398385,B1(OC(C(O1)(C)C)(C)C)C2=C(N=C(C=C2)N)C
71270309,B1(OC(C(O1)(C)C)(C)C)C2=CN(C(=O)C(=C2)C)C
49759215,B1(OC(C(O1)(C)C)(C)C)C2=CCCN(C2)CC3=CC=CC=C3
45786230,B1(OC(C(O1)(C)C)(C)C)C2=CN=CC(=N2)N3CCC(CC3)C
17750204,B1(OC(C(O1)(C)C)(C)C)C2=CN(N=C2)C(=O)C
46738000,B1(OC(C(O1)(C)C)(C)C)C2=CC(OC(C2)(C)C)(C)C
11759390,B1(OC(C(O1)(C)C)(C)C)C
44149305,B(OCCCCCCC(C)C)(OCCCCCCC(C)C)OCCCCCCC(C)C
56776928,B1(OC(C(O1)(C)C)(C)C)C2=CCN(CC2)C(=O)C(C)C
46738005,B1(OC(C(O1)(C)C)(C)C)C2=C(C(=CC=C2)N)C
57193946,B1(OC(C(O1)(C)C)(C)C)C2=CC(=CC=C2)F
53428084,B1(OC(C(O1)(C)C)(C)C)C2=CN=CN2CC3=CC=CC=C3
17750483,B1(OC(C(O1)(C)C)(C)C)C2=NC=CC(=C2)N
57691353,B1(OC(C(O1)(C)C)(C)C)C2=CC(=C(C=C2)N3CCCC3=O)F
74889494,B1(OC(C(O1)(C)C)(C)C)C2=CC(=C(N=C2)C(F)(F)F)C(=O)OCC
66709075,B1(OC(C(O1)(C)C)(C)C)C2=CC(=O)N(CC2)C(=O)OC(C)(C)C
72216248,B1(OC(C(O1)(C)C)(C)C)C2=CC(=CC(=N2)C=O)[N+](=O)[O-]
45786058,B1(OC(C(O1)(C)C)(C)C)C2=NC=CC(=C2)N3CCC(CC3)C
17750507,B1(OC(C(O1)(C)C)(C)C)C2=CC=CC(=O)N2
45786423,B1(OC(C(O1)(C)C)(C)C)C2=NC=C(C=C2)C3=CC=CC=C3C(F)(F)F
66521255,B1(OC(C(O1)(C)C)(C)C)C2=CC(=CN=C2)N3CCCC(C3)C
53217276,B1(OC(C(O1)(C)C)(C)C)C2=CC(=C(N=C2)OCC)OCC(C)C
72218804,B1(OC(C(O1)(C)C)(C)C)C2=C(C=CN=C2)N
59238596,B1(OC(C(O1)(C)C)(C)C)C2=CC(CCC2)C
46849076,B1(OC(C(O1)(C)C)(C)C)C2=C(CCCC2)C(=O)OCC
66520510,B1(OC(C(O1)(C)C)(C)C)C2=CC(=CN=C2)C3CCCC3
17964843,B1(OC(C(O1)(C)C)(C)C)C2=C(C=C(C=C2)OC)F
45785851,B1(OC(C(O1)(C)C)(C)C)C2=CN=C(C=N2)C3CCCCC3
46739442,B1(OC(C(O1)(C)C)(C)C)C2=CC(=NC(=C2)OC)OC
57440869,B1(OC(C(O1)(C)C)(C)C)C2=CC(=CN=C2)OCOC
44118755,B1(OC(C(O1)(C)C)(C)C)C2=CC(=C(C=C2)Cl)N
72208156,B1(OC(C(O1)(C)C)(C)C)C2=CN(N=C2)C(C)(C)COC
68753653,B1(OC(C(O1)(C)C)(C)C)C2=CC=C(C=C2)C3CCC3
45786442,B1(OC(C(O1)(C)C)(C)C)C2=CN=C(C=C2)C(C)(C)C
2769618,B1(OC(C(O1)(C)C)(C)C)C2=CN=C(C=C2)N3CCN(CC3)C
45787284,B1(OC(C(O1)(C)C)(C)C)C2=CN=C(N=C2)C(C)C
53398630,B1(OC(C(O1)(C)C)(C)C)C2=CC(=C(N=C2)OCC)OCC
42614587,B1(OC(C(O1)(C)C)(C)C)C2=NC=C(C=C2)C
45786224,B1(OC(C(O1)(C)C)(C)C)C2=CN=CC(=N2)N(C)C
23157866,B1(OC(C(O1)(C)C)(C)C)C2=CC(=CN=C2)Cl
87211398,B1(OC(C(O1)(C)C)(C)C)C2=CC(=CC(=C2)C(F)(F)F)C=O
4192667,B1(OC(C(O1)(C)C)(C)C)C2=CN=CN=C2
45786022,B1(OC(C(O1)(C)C)(C)C)C2=CC(=NC=C2)N3C=CC=CC3=O
45785865,B1(OC(C(O1)(C)C)(C)C)C2=CN=C(C=N2)OC3CCOC3
45786404,B1(OC(C(O1)(C)C)(C)C)C2=NC=C(C=C2)C3=CCCCC3
49760391,B1(OC(C(O1)(C)C)(C)C)C2=C(C=NC=C2)C=O
22240167,B1(OC(C(O1)(C)C)(C)C)C2=CC(=CC=C2)C(F)F
53217272,B1(OC(C(O1)(C)C)(C)C)C2=CCN(CC2)S(=O)(=O)C3=CC=C(C=C3)C
45785989,B1(OC(C(O1)(C)C)(C)C)C2=NC=C(C=C2)OC(C)(C)C
60126772,B1(OC(C(O1)(C)C)(C)C)C2=C(C=CC(=C2)C=O)OC
72219064,B1(OC(C(O1)(C)C)(C)C)C2=CC(=CN=C2OC)C(F)(F)F
45786589,B1(OC(C(O1)(C)C)(C)C)C2=NC(=NC=C2)C3CCCOC3
57346402,B1(OC(C(O1)(C)C)(C)C)C2=CN(N=C2)C(F)(F)F
66521744,B1(OC(C(O1)(C)C)(C)C)C(=C(F)F)OCOCCOC
59535071,B1(OC(C(O1)(C)C)(C)C)C2=CC(=CN=C2)C3CC3
45598120,B1(OC(C(O1)(C)C)(C)C)C2=CN=C(C=C2)C(F)(F)F
72218810,B1(OC(C(O1)(C)C)(C)C)C2=C(C=CN=C2)N3CCN(CC3)C
45786197,B1(OC(C(O1)(C)C)(C)C)C2=NC(=CC=C2)N(C(=O)OC(C)(C)C)C(=O)OC(C)(C)C
66915527,B1(OC(C(O1)(C)C)(C)C)C2=CC=C(C=C2)OC3=C(C=CC=C3F)F
58333225,B1(OC(C(O1)(C)C)(C)C)C2=C(C=CC(=C2)OC)C=O
17998916,B1(OC(C(O1)(C)C)(C)C)C2=CC(=NC=C2)N3CCN(CC3)C(=O)OC(C)(C)C
13491256,B1(OC(C(O1)(C)C)(C)C)C(CC(C)C)N
67402459,B1(OC(C(O1)(C)C)(C)C)C2=CN(N=C2)[C@@H]3CCN(C3)C(=O)OC(C)(C)C
72208233,B1(OC(C(O1)(C)C)(C)C)C2=CC3=C(C=C2)N(C(=O)CC3)C
66591094,B1(OC(C(O1)(C)C)(C)C)C2=CC=C(C=C2)CCC(=O)OCC
53398532,B1(OC(C(O1)(C)C)(C)C)C2=CC(=CN=C2)C(=O)OC(C)(C)C
72221488,B1(OC(C(O1)(C)C)(C)C)C2=C(N=C(C=C2)OCC3=CC=CC=C3)C
86684419,B1(OC(C(O1)(C)C)(C)C)C2=C(C(=NC=C2)N3CCN4C5=C(CC(C5)(C)C)C=C4C3=O)COC(=O)C
45786415,B1(OC(C(O1)(C)C)(C)C)C2=NC=C(C=C2)C(=O)OCC
46739440,B1(OC(C(O1)(C)C)(C)C)C2=CC(=C(N=C2)F)C
44755179,B1(OC(C(O1)(C)C)(C)C)C2=CC(=C(N=C2)N(C)C(=O)C(C)(C)C)C
72219182,B1(OC(C(O1)(C)C)(C)C)C2=C(N=CC=C2)C(C)C
49760460,B1(OC(C(O1)(C)C)(C)C)C2=C(C=NC=C2)C(F)(F)F
72221110,B1(OC(C(O1)(C)C)(C)C)C(=C)COC
45786369,B1(OC(C(O1)(C)C)(C)C)C2=CC(=CS2)C3CCCC3
44755158,B1(OC(C(O1)(C)C)(C)C)C2=C(C(=NC=C2)Cl)Cl
71743277,B1(OC(C(O1)(C)C)(C)C)C2=C3CC(=O)N(C3=CC=C2)C
46739747,B1(OC(C(O1)(C)C)(C)C)C2=CC=C(C=C2)C=NCC3=CC=CO3
45786328,B1(OC(C(O1)(C)C)(C)C)C2=NC=C(C=C2)C3CCCCC3
51034573,B1(OC(C(O1)(C)C)(C)C)C2=C(C(=NC=C2)N)F
45786077,B1(OC(C(O1)(C)C)(C)C)C2=NC=CC(=C2)C3=CCN(CC3)C(=O)OC(C)(C)C
86731003,B1(OC(C(O1)(C)C)(C)C)C2=CC(=CC(=C2C)N)F
46738009,B1(OC(C(O1)(C)C)(C)C)C2=CC(=C(N=C2)N)[N+](=O)[O-]
45786568,B1(OC(C(O1)(C)C)(C)C)C2=CN=C(C=N2)C3CCCOC3
74890629,B1(OC(C(O1)(C)C)(C)C)C2=CC(=NC=C2OC)Cl
74890428,B1(OC(C(O1)(C)C)(C)C)C2=NN(C(=C2)C)C
89497872,B1(OC(C(O1)(C)C)(C)C)C2=C(N(N=C2)CC3CCCCC3)C
17750484,B1(OC(C(O1)(C)C)(C)C)C2=NC=C(C=C2)N
57362634,B1(OC(C(O1)(C)C)(C)C)C2=CC(=C(C=C2Cl)OC)C(=O)OC
17750253,B1(OC(C(O1)(C)C)(C)C)C2=CNC(=O)C=C2
71302319,B1(OC(C(O1)(C)C)(C)C)C2=CC(=NC(=C2)OC(F)F)C
45785761,B1(OC(C(O1)(C)C)(C)C)C2=NC(=CC=C2)C3CCCCC3
75486368,B1(OC(C(O1)(C)C)(C)C)C2=CC(=C(C=C2Cl)OC)N
49758783,B1(OC(C(O1)(C)C)(C)C)C2=CN=C(N=C2)OCC
2734656,B1(OC(C(O1)(C)C)(C)C)C2=CN=CC=C2
46739027,B1(OC(C(O1)(C)C)(C)C)C2=CC(=CC=C2)C(=O)N3CCCCC3
45785996,B1(OC(C(O1)(C)C)(C)C)C2=CC(=NC=C2)C3CCCCC3
66520913,B1(OC(C(O1)(C)C)(C)C)C2=CN(N=C2)C3CCCOC3
46738026,B1(OC(C(O1)(C)C)(C)C)C2=CC(=NN2C)C(F)(F)F
71386269,B(CCCC)(CCCC)CCCCOCC
17998929,B1(OC(C(O1)(C)C)(C)C)C2=CC(=CC=C2)C(=O)N(CC)CC
17750478,B1(OC(C(O1)(C)C)(C)C)C2=NC(=C(C=C2)F)C
49760414,B1(OC(C(O1)(C)C)(C)C)C2=C(C=NC=C2)N
2758487,B1(OC(C(O1)(C)C)(C)C)C2=C(N=C(C=C2)OC)OC
75486169,B1(OC(C(O1)(C)C)(C)C)C2=CC(=NC=C2Cl)OC
45785941,B1(OC(C(O1)(C)C)(C)C)C2=CN=CC(=N2)N3C=CC=CC3=O
46916250,B1(OC(C(O1)(C)C)(C)C)C2=CC(=O)N(C=C2)CC3=CC=CC=C3
72213462,B1(OC(C(O1)(C)C)(C)C)C2=CC(=NN2C)C(=O)OCC
57416219,B1(OC(C(O1)(C)C)(C)C)C2=CC(=CC(=C2F)N)Cl
53398378,B1(OC(C(O1)(C)C)(C)C)C2=CC(=CN=C2F)Cl
16205057,B(OCCOCCOCCOCC)(OCCOCCOCCOCC)OCCOCCOCCOCC
81315028,B1(OC(C(O1)(C)C)(C)C)C2=CC(=CC(=C2)F)OCC3=CC=CC=C3
46318122,B1(OC(C(O1)(C)C)(C)C)C2=CC(=CN=C2OC)C
46739051,B1(OC(C(O1)(C)C)(C)C)C2=CN=C(C=C2C)N3CCN(CC3)C(=O)OC(C)(C)C
45786523,B1(OC(C(O1)(C)C)(C)C)C2=NC=C(C=C2)C3=C(C=C(C=C3)F)C
91758955,B1(OC(C(O1)(C)C)(C)C)C2=CN=C(N=C2)C(F)(F)F
45785880,[2H]C([2H])([2H])OC1=CC=C(C=C1)C2=NC=C(N=C2)B3OC(C(O3)(C)C)(C)C
57880558,B1(OC(C(O1)(C)C)(C)C)C2=CC(=C(C=C2)F)C(=O)OC
53217229,B1(OC(C(O1)(C)C)(C)C)C2=CN(C=C2)C(=O)C
57949741,B1(OC(C(O1)(C)C)(C)C)C2=CN(N=C2)CCCl
12507441,B(CCCC)(CCCC)OCCC
14402222,B(OCCOCCOCCOC)(OCCOCCOCCOC)OCCOCCOCCOC
68745620,B1(OC(C(O1)(C)C)(C)C)C2=CC(=C(C=C2C)C)N
91886708,B1(OC(C(O1)(C)C)(C)C)C2=CC(=CC=C2)CC(=O)N3CCOCC3
72214278,B1(OC(C(O1)(C)C)(C)C)C2=NC(=C(C=C2)C)F
2734620,B1(OC(C(O1)(C)C)(C)C)C2=CC=C(C=C2)N
59619973,B1(OC(C(O1)(C)C)(C)C)C2=CC(=C(N=C2)N)Cl
57537511,B1(OC(C(O1)(C)C)(C)C)C2=CC(=C(N=C2)N)C(=O)N(C)C
45480194,B1(OC(C(O1)(C)C)(C)C)C2=CN(C(=O)C=C2)C
72214326,B1(OC(C(O1)(C)C)(C)C)C2=CC(=CC(=N2)OC)C
56776830,B1(OC(C(O1)(C)C)(C)C)C2=C(C=C(C=C2)Cl)C=O
86208752,B(N1C2=CC=CC=C2C3=CC=CC=C31)(N4C5=CC=CC=C5C6=CC=CC=C64)N7C8=CC=CC=C8C9=CC=CC=C97
89996195,B1(OC(C(O1)(C)C)(C)C)C2=CN(N=C2)CC(F)F
72213458,B1(OC(C(O1)(C)C)(C)C)C2=C(C=NN2)C
45785913,B1(OC(C(O1)(C)C)(C)C)C2=CN=C(C=N2)N(C)C
24229653,B1(OC(C(O1)(C)C)(C)C)C2=CC3=C(N=C2)N(CCO3)C
49761555,B1(OC(C(O1)(C)C)(C)C)C2=C3C(=NC=C2)OCCO3
4642098,B1(OC(C(O1)(C)C)(C)C)C2=CCN(CC2)C(=O)OC(C)(C)C
90017995,B1(OC(C(O1)(C)C)(C)C)C2=CC(=CC=C2)C(=O)N3CCSCC3
72214304,B1(OC(C(O1)(C)C)(C)C)C2=CC(=CC(=N2)C=O)OC
72221474,B1(OC(C(O1)(C)C)(C)C)C2=CN=C(C=C2C)Cl
56776920,B1(OC(C(O1)(C)C)(C)C)C2=CC(=NC(=C2)Br)C
59264588,B1(OC(C(O1)(C)C)(C)C)C2=CC=CC=C2C(F)F
71238325,B1(OC(C(O1)(C)C)(C)C)C2=CN=C(C=C2)OC(F)F
66734880,B1(OC(C(O1)(C)C)(C)C)C2=C3CN(CCC3=CC=C2)C(=O)OC(C)(C)C
42614576,B1(OC(C(O1)(C)C)(C)C)C2=NC(=CC=C2)F
72218809,B1(OC(C(O1)(C)C)(C)C)C2=C(C=CN=C2)N3CCOCC3
137205,B(C(C)C)(C(C)C)C(C)C
73556646,B(OCCOCCOCCOCCOCCOC)(OCCOCCOCCOCCOCCOC)OCCOCCOCCOCCOCCOC
53217170,B1(OC(C(O1)(C)C)(C)C)C2=C(N(C(=C2)C)C)C
16414274,B1(OC(C(O1)(C)C)(C)C)C2=CC(=NC=C2)C
45786256,B1(OC(C(O1)(C)C)(C)C)C2=CN=CC(=N2)OC3CCOC3
67280283,B1(OC(C(O1)(C)C)(C)C)C2=CC(=CN=C2)C(=O)C(=O)N(C)C
53217182,B1(OC(C(O1)(C)C)(C)C)C2=CC=C(C=C2)C3(CC3)C(=O)OCC
71755791,B1(OC(C(O1)(C)C)(C)C)C2=CC(=CC=C2)CN3C=CN=C3
53217215,B1(OC(C(O1)(C)C)(C)C)C2=CC(=CO2)C(=O)OC
49760503,B1(OC(C(O1)(C)C)(C)C)C2=C(C(=NC=C2)Cl)C
24229547,B1(OC(C(O1)(C)C)(C)C)C2=C(OC=C2)C
10876447,B(C1=C(C2=C(C(=C1F)F)C(=C(C(=C2F)F)F)F)F)(C3=C(C4=C(C(=C3F)F)C(=C(C(=C4F)F)F)F)F)C5=C(C6=C(C(=C5F)F)C(=C(C(=C6F)F)F)F)F
58074623,B1(OC(C(O1)(C)C)(C)C)C2=CC3=C(C=C2)C(=O)OC3
45785774,B1(OC(C(O1)(C)C)(C)C)C2=NC(=CC=C2)OC3CCC3
57377059,B(OCCOCCOCCCC)(OCCOCCOCCCC)OCCOCCOCCCC
46737990,B1(OC(C(O1)(C)C)(C)C)C2=CC(=C(C=C2)F)N
72213463,B1(OC(C(O1)(C)C)(C)C)C2=CC(=NN2)C(=O)OCC
45786551,B1(OC(C(O1)(C)C)(C)C)C2=NC=CC(=C2)C3CCCOC3
45786027,B1(OC(C(O1)(C)C)(C)C)C2=NC(=CC=C2)C3CCCC3
54772415,B1(OC(C(O1)(C)C)(C)C)C2=C(C=NN2C3CCCCO3)C
66521319,B1(OC(C(O1)(C)C)(C)C)C2=CN=CN=C2C
3834834,B1(OC(C(O1)(C)C)(C)C)C2=CC=CC=C2CBr
71285691,B1(OC(C(O1)(C)C)(C)C)C2=CC(=CC(=C2)C(=O)OCC)C(=O)OCC
74888668,B1(OC(C(O1)(C)C)(C)C)C2=C(N(C(=C2)C)C3CC3)C
17906172,B1(OC(C(O1)(C)C)(C)C)C2=CC(=C(C=C2)N)F
67817717,B1(OC(C(O1)(C)C)(C)C)C2=C(ON=C2C)COC(=O)C
66520489,B1(OC(C(O1)(C)C)(C)C)C2=NC=C(C=C2)N=CC3=CC=CC=C3
85613962,B(C1=C(C(=C(C(=C1F)F)F)F)F)(SC)SC
22171528,B1(OC(C(O1)(C)C)(C)C)C2=CC(=C(C=C2)C(=O)OC)F
68277236,B1(OC(C(O1)(C)C)(C)C)CC2=CC(=CC(=C2)F)F
18541715,B1(OC(C(O1)(C)C)(C)C)C2=C(C=C(C=C2)OC)C
53417043,B1(OC(C(O1)(C)C)(C)C)C2=CC(=NC(=C2)F)C(F)(F)F
46739418,B1(OC(C(O1)(C)C)(C)C)C2=CC(=CN=C2)OCC3=CC=C(C=C3)OC
72218839,B1(OC(C(O1)(C)C)(C)C)C2=C(N=CC=C2)OC(=O)C
11185540,B1(OC(C(O1)(C)C)(C)C)C2=CN=C(C=C2)C3=NC=C(C=C3)C
66520916,B1(OC(C(O1)(C)C)(C)C)C2=CC(=CN=C2)C3=CC(=CC=C3)OC
75486865,B1(OC(C(O1)(C)C)(C)C)C2=C(N(N=C2)C)C=O
68932087,B1(OC(C(O1)(C)C)(C)C)C=CC2=CC(=CC=C2)F
75486913,B1(OC(C(O1)(C)C)(C)C)C2=CC(=C(C=C2)C(F)(F)F)N
66520454,B1(OC(C(O1)(C)C)(C)C)C2=CC(=CN=C2)C3CCC3
44755196,B1(OC(C(O1)(C)C)(C)C)C2=CNC(=O)N=C2
46318053,B1(OC(C(O1)(C)C)(C)C)C2=CC(=NN2C3CCCOC3)C(F)(F)F
59619765,B1(OC(C(O1)(C)C)(C)C)C2=CC(=CN=C2)OC3CCC3
57550761,B1(OC(C(O1)(C)C)(C)C)C2=CC(=CC(=C2C)F)C(=O)OC
72221181,B1(OC(C(O1)(C)C)(C)C)C2=C(C(=CC=C2)OC)C=O
72214350,B1(OC(C(O1)(C)C)(C)C)C2=CC(=CC(=N2)C)C(=O)C
45786054,B1(OC(C(O1)(C)C)(C)C)C2=NC=CC(=C2)N3CCCCC3C
67027151,B1(OC(C(O1)(C)C)(C)C)C2=CN(N=C2)[C@H]3CCCN(C3)C(=O)OC(C)(C)C
10977322,B1(OC(C(O1)(C)C)(C)C)C2=CC=CC=C2C=O
46739558,B1(OC(C(O1)(C)C)(C)C)C2=CC(=NC(=C2)Cl)C(=O)OCC
53217168,B1(OC(C(O1)(C)C)(C)C)C2=CC(=NC(=C2)OCC)C(F)(F)F
3460459,B1(OC(C(O1)(C)C)(C)C)C2=CC=C(C=C2)CN(C)C
46739570,B1(OC(C(O1)(C)C)(C)C)C2=CC(=CC(=C2)Cl)C(F)(F)F
53398558,B1(OC(C(O1)(C)C)(C)C)C2=CC(=NC=C2Cl)F
71331007,B(C1=CC=CC=C1)(OCCCCCCCCCCCCCCCCCC)OCCCCCCCCCCCCCCCCCC
86721978,B1(OC(C(O1)(C)C)(C)C)C2=CN=C(C=C2)CC(=O)OC
75176003,B1(OC(C(O1)(C)C)(C)C)C2=CC=C(C=C2)N(CC)C(C)C
45786546,B1(OC(C(O1)(C)C)(C)C)C2=NC(=CC=C2)C3CCOCC3
59198404,B1(OC(C(O1)(C)C)(C)C)C2=CN=C(N=C2OC)N
68573360,B1(OC(C(O1)(C)C)(C)C)C2=CC=C(C=C2)C3(CC3)N4CCOCC4
53397962,B1(OC(C(O1)(C)C)(C)C)C2=CC(=NC(=N2)OC)OC
45786393,B1(OC(C(O1)(C)C)(C)C)C2=NC=C(C=C2)C3=CC(=CC=C3)F
67549036,B1(OC(C(O1)(C)C)(C)C)C2=C(C=C(C=C2)C(=O)N)C
2760141,B1(OC(C(O1)(C)C)(C)C)C2=CC=C(C=C2)C(=O)N3CCOCC3
66521297,B1(OC(C(O1)(C)C)(C)C)C2=CC(=CN=C2)N3CCC(CC3)C
53397904,B1(OC(C(O1)(C)C)(C)C)C2=CC(=CN=C2)C(F)(F)F
66836703,B1(OC(C(O1)(C)C)(C)C)C2=CC(=CN=C2)N3CCN(CC3)C(=O)OC(C)(C)C
90462039,B1(OC(C(O1)(C)C)(C)C)C2=C3C(=CC=C2)CCN3C(=O)OC(C)(C)C
16414176,B1(OC(C(O1)(C)C)(C)C)C2=C(N=CC=C2)C(OCC)OCC
53217152,B1(OC(C(O1)(C)C)(C)C)C2=COCCC2
46864092,B1(OC(C(O1)(C)C)(C)C)C2=C(C=CC=C2C(C)C)C
45787283,B1(OC(C(O1)(C)C)(C)C)C2=CN=C(N=C2)C3CC3
68769645,B1(OC(C(O1)(C)C)(C)C)C2=C(C=C(C=C2)F)Cl
66521365,B1(OC(C(O1)(C)C)(C)C)C2=C(N(C=N2)C(=O)OC(C)(C)C)C
46739783,B1(OC(C(O1)(C)C)(C)C)C2=CSC(=C2)C=O
46739643,B1(OC(C(O1)(C)C)(C)C)C2=CN=C(N=C2)N(CC)CC
12421678,B(CCCC)(CCCC)OCCCCCC
45786053,B1(OC(C(O1)(C)C)(C)C)C2=CC(=NC=C2)C(C)C
58042444,B1(OC(C(O1)(C)C)(C)C)C2=CC(=C(N=C2)OC3CCC3)Cl
71390346,B(OCCCC)(OCCCC)O[Sn](CCCCCCCC)(CCCCCCCC)OCCCC
46780412,[B-]1(N2C(=CC(=C2C(=C3[N+]1=C(C=C3C)C)C4=CC=C(C=C4)N)C)C)(F)F
67050591,B1(OC(C(O1)(C)C)(C)C)C2=CN(N=C2)CCN3C(=O)C4=CC=CC=C4C3=O
59023117,B1(OC(C(O1)(C)C)(C)C)C2=CC(=CN=C2)C(=O)N
59619611,B1(OC(C(O1)(C)C)(C)C)C2=CN=C(C=C2)N(C)CC
72218563,B1(OC(C(O1)(C)C)(C)C)C2=CN(CCO2)C(=O)OC(C)(C)C
66521432,B1(OC(C(O1)(C)C)(C)C)C2=CN=CC(=N2)N3CCCCC3=O
49760458,B1(OC(C(O1)(C)C)(C)C)C2=CC(=NC=C2)OC3CC3
71306487,B1(OC(C(O1)(C)C)(C)C)C2=CC=C(C=C2)C=NC3CCCCCC3
45786341,B1(OC(C(O1)(C)C)(C)C)C2=CC=C(O2)C(C)C
71668925,B1(OC(C(O1)(C)C)(C)C)C2=CC(=NN2)C
90402478,B1(OC(C(O1)(C)C)(C)C)C2=C(N=C(C=C2)N)C(F)(F)F
22240222,B1(OC(C(O1)(C)C)(C)C)C2=CC(=CC=C2)C3CC3
45786532,B1(OC(C(O1)(C)C)(C)C)C2=CC(=CS2)C3CCC3
16414212,B1(OC(C(O1)(C)C)(C)C)C2=CN=C(N=C2)N3CCCCC3
66520121,B1(OC(C(O1)(C)C)(C)C)C2=CC=C(S2)C3=CC=C(C=C3)C(C)(C)C
16110830,B1(OC(C(O1)(C)C)(C)C)C2=C(N=CC=C2)C(=O)N(CC)CC
66521103,B1(OC(C(O1)(C)C)(C)C)C2=CC(=CC(=C2)OC)C3CC3
90217616,B1(OC(C(O1)(C)C)(C)C)C2=CC(=C(C=C2)F)C3=C(C=C(C=C3)S(=O)(=O)CC)F
88052395,B1(OC(C(O1)(C)C)(C)C)C2=CC(=CC(=C2)Cl)C=O
45786360,B1(OC(C(O1)(C)C)(C)C)C2=CC(=CO2)CC
53253261,B1(OC(C(O1)(C)C)(C)C)CCC(=O)OCC2=CC=CC=C2
49758778,B1(OC(C(O1)(C)C)(C)C)C2=CN=C(N=C2)N3C=CN=C3C
46739267,B1(OC(C(O1)(C)C)(C)C)C2=CC(=C(N=C2)OC)C(=O)OC
72214363,B1(OC(C(O1)(C)C)(C)C)C2=CC(=C(C=N2)N)C=O
17750476,B1(OC(C(O1)(C)C)(C)C)C2=NC=CC(=C2)C
44755189,B1(OC(C(O1)(C)C)(C)C)C2=CC(=CN=C2F)Br
75201256,B1(OC(C(O1)(C)C)(C)C)C2=CN=C(N=C2)C(=O)OCC
57992009,B1(OC(C(O1)(C)C)(C)C)C2=CC=C(C=C2)CC(=O)OC(C)(C)C
75525667,B1(OC(C(O1)(C)C)(C)C)C2=C(C=NN2C)Cl
45785893,B1(OC(C(O1)(C)C)(C)C)C2=CN=C(C=N2)C3=CCCCC3
72214374,B1(OC(C(O1)(C)C)(C)C)C2=CC(=CC(=N2)C)F
66934343,B1(OC(C(O1)(C)C)(C)C)C2=CN=C(C=C2)N(CC)C(=O)OC(C)(C)C
68266592,B1(OC(C(O1)(C)C)(C)C)C2=CC(=CN=C2)N(C(=O)OC(C)(C)C)C(=O)OC(C)(C)C
53217351,B1(OC(C(O1)(C)C)(C)C)C2=CC(=NC=C2F)Cl
49758206,B1(OC(C(O1)(C)C)(C)C)C2=CC(=CC=C2)N3C(=O)C=CC=N3
46739336,B1(OC(C(O1)(C)C)(C)C)C2=CC=C(S2)C(=O)OCC
72218851,B1(OC(C(O1)(C)C)(C)C)C2=C(N=CC=C2)N3C=CC=N3
16414229,B1(OC(C(O1)(C)C)(C)C)C2=CC(=CN=C2)C(=O)N3CCOCC3
56776926,B1(OC(C(O1)(C)C)(C)C)C2=CC(=C(N=C2)Cl)C(=O)OC
66520677,B1(OC(C(O1)(C)C)(C)C)C2=C(C=NC=C2)C3CCC3
16218290,B1(OC(C(O1)(C)C)(C)C)C2=CN=C(C=C2)[N+](=O)[O-]
12421677,B(CCC)(CCC)OCCCCCC
74788677,B1(OC(C(O1)(C)C)(C)C)C2=CC(=C(N=C2)F)OC(C)C
53217102,B1(OC(C(O1)(C)C)(C)C)C2=C(C=CC(=C2)OC)OC
2759831,B1(OC(C(O1)(C)C)(C)C)C2=CN(N=C2)CCC(C)C
45786533,B1(OC(C(O1)(C)C)(C)C)C2=CC(=CO2)C3CCC3
59278796,B1(OC(C(O1)(C)C)(C)C)C2=CCC(CC2)C(=O)OCC
3699568,B1(OC(C(O1)(C)C)(C)C)C2=CC=CC=C2[N+](=O)[O-]
45786268,B1(OC(C(O1)(C)C)(C)C)C2=CN=CC(=N2)C3=CC(=CC(=C3)F)F
59557920,B1(OC(C(O1)(C)C)(C)C)C2=CC(=C(N=C2)OC)N
45933666,B1(OC(C(O1)(C)C)(C)C)C2=C(NN=C2)C(F)(F)F
53415384,B1(OC(C(O1)(C)C)(C)C)CC2=CC(=CC=C2)Cl
15794326,B(C1=C(C=CC=C1F)F)(C2=C(C=CC=C2F)F)C3=C(C=CC=C3F)F
89593817,B(CCC)(OCCCC)OCCCC
75487076,B1(OC(C(O1)(C)C)(C)C)C2=C(C(=CNC2=O)Cl)C
4912908,B1(OC(C(O1)(C)C)(C)C)C2=CC=NN2C
66520268,B1(OC(C(O1)(C)C)(C)C)C2=CC(=C(C=N2)C(C)C)Br
45786508,B1(OC(C(O1)(C)C)(C)C)C2=CN=C(S2)C3=CCCCC3
66521593,B1(OC(C(O1)(C)C)(C)C)C2=CN(C=N2)CCOC(=O)C
45786542,B1(OC(C(O1)(C)C)(C)C)C2=NC(=CC=C2)C3CCN(CC3)C(=O)OC(C)(C)C
49758223,B1(OC(C(O1)(C)C)(C)C)C2=CN=C(C=N2)C(=O)OC
45786392,B1(OC(C(O1)(C)C)(C)C)C2=NC=C(C=C2)C3=CC=CC=C3F
58004614,B1(OC(C(O1)(C)C)(C)C)C2=C(N(N=C2C)CCOC)C
90202698,B1(OC(C(O1)(C)C)(C)C)C2=CC3=C(C=C2)C(OC3)(C)C
58540232,B1(OC(C(O1)(C)C)(C)C)C2=C(C(=C(C=C2)F)N)C
68740969,B1(OC(C(O1)(C)C)(C)C)C2=CC(=C(N=C2)OC)CC
21923912,B1(OC(C(O1)(C)C)(C)C)C2=CC(=C(C=C2)OC)C
72214337,B1(OC(C(O1)(C)C)(C)C)C2=CC(=CC(=N2)F)C(F)(F)F
58297400,B1(OC(C(O1)(C)C)(C)C)C2=CC=CC=C2OCC(=O)OC
16212785,[10B](OCCCC)(OCCCC)OCCCC
17750488,B1(OC(C(O1)(C)C)(C)C)C2=NC(=CC=C2)C(=O)OC
17999186,B1(OC(C(O1)(C)C)(C)C)C2=CN(N=C2)CC3=CC=CC=N3
44754866,B1(OC(C(O1)(C)C)(C)C)C2=C(C=CC=N2)C
67979439,B1(OC(C(O1)(C)C)(C)C)C2=CC(=C(N=C2)C)Cl
45786422,B1(OC(C(O1)(C)C)(C)C)C2=NC(=CC=C2)C3=CC=CC=C3C(F)(F)F
86707019,B1(OC(C(O1)(C)C)(C)C)C2=CC(=CN=C2)C(=C)C
45786377,B1(OC(C(O1)(C)C)(C)C)C2=CC(=CO2)C3CCCC3
71302290,B1(OC(C(O1)(C)C)(C)C)C2=CC(=C(N=C2)OCC3=CC=CC=C3)F
53217334,B1(OC(C(O1)(C)C)(C)C)C2=CC(=NC(=C2)Cl)C(=O)OC(C)(C)C
72220690,B1(OC(C(O1)(C)C)(C)C)C2=C(C=CN=C2)C(C)(C)C
66760559,B1(OC(C(O1)(C)C)(C)C)C2=CN(N=C2)C3CCN(CC3)CCOC
45786035,B1(OC(C(O1)(C)C)(C)C)C2=CC(=NC=C2)OC3CCCCC3
45785864,[2H]C([2H])([2H])C1=CC=CC=C1C2=NC=C(N=C2)B3OC(C(O3)(C)C)(C)C
66520542,B1(OC(C(O1)(C)C)(C)C)C2=CC(=CN=C2)C3CCCCC3
66520396,B1(OC(C(O1)(C)C)(C)C)C2=NC=C(C=C2)OC(=O)C
45786520,B1(OC(C(O1)(C)C)(C)C)C2=CN=C(C=C2)OC3CCC3
72214356,B1(OC(C(O1)(C)C)(C)C)C2=CC(=CC(=N2)F)C=O
57891415,B1(OC(C(O1)(C)C)(C)C)C2=CN(N=C2)CC(=O)N(C)C
91798600,B1(OC(C(O1)(C)C)(C)C)C2=CN=C(C=C2)N3CCN(CC3)C(C)C
45785728,B1(OC(C(O1)(C)C)(C)C)C2=CN=C(C=N2)OCC
12134,B(OCCCCC)(OCCCCC)OCCCCC
59405079,B1(OC(C(O1)(C)C)(C)C)C2=C(C=C(C=C2)C(F)(F)F)C(=O)OC
45786530,B1(OC(C(O1)(C)C)(C)C)C2=CC(=O)N(C=C2)C
72218980,B1(OC(C(O1)(C)C)(C)C)C2=CC(=C(N=C2)C=O)OC
58529443,B1(OC(C(O1)(C)C)(C)C)C2=CC(=CC=C2)C3CCN(CC3)C(=O)OC(C)(C)C
46864103,B1(OC(C(O1)(C)C)(C)C)C2=CC(=C(N=C2)N)C(F)(F)F
86811226,B1(OC(C(O1)(C)C)(C)C)C2=CC=C(C=C2)C3(CC3)N4CCN(CC4)C
49760485,B1(OC(C(O1)(C)C)(C)C)C2=CC(=NC=C2F)C(=O)OC
46739724,B1(OC(C(O1)(C)C)(C)C)C2=CC(=CC=C2)C(=O)N3CCOCC3
16414268,B1(OC(C(O1)(C)C)(C)C)C2=CC(=CN=C2)F
52987906,B1(OC(C(O1)(C)C)(C)C)C2=CN=C(N=C2C)N
45786325,B1(OC(C(O1)(C)C)(C)C)C2=NC=C(C=C2)C(C)(C)C
72214256,B1(OC(C(O1)(C)C)(C)C)C2=C(C=C(C=N2)C)C
72218752,B1(OC(C(O1)(C)C)(C)C)C2=CC(=NC=C2)N(C)CC3=CC=CC=C3
59620023,B1(OC(C(O1)(C)C)(C)C)C2=CC(=CN=C2)OCC3CC3
45588136,B1(OC(C(O1)(C)C)(C)C)C2=C(C=NC=C2C)C
72218959,B1(OC(C(O1)(C)C)(C)C)C2=CC=CN(C2=O)C
2760586,B1(OC(C(O1)(C)C)(C)C)C2=CC(=CC=C2)C=O
53397906,B1(OC(C(O1)(C)C)(C)C)C2=CC(=CN=C2)COC
45786355,B1(OC(C(O1)(C)C)(C)C)C2=CC(=NC(=N2)Cl)C
15486611,B1(OC(C(O1)(C)C)(C)C)C2=CCCC2
25000390,B1(OC(C(O1)(C)C)(C)C)C2=CN=CN2C
45786199,B1(OC(C(O1)(C)C)(C)C)C2=CSC(=N2)C3=C(C=C(C=C3)F)C
10997426,B1(OC(C(O1)(C)C)(C)C)C(=C)C
11290836,B1(OC(C(O1)(C)C)(C)C)C2=CCN(CC2)C(=O)OCC3=CC=CC=C3
59392820,B1(OC(C(O1)(C)C)(C)C)C2=CN=C(C=C2)C(=O)N(C)CCN(C)C
69867754,B1(OC(C(O1)(C)C)(C)C)C2=C(C=CC(=C2)F)OC
18451469,B1(OC(C(O1)(C)C)(C)C)C2=CC3=C(C=C2)N(CC3)C(=O)OC(C)(C)C
352104,B(CCCCCCCCCCCC)(CCCCCCCCCCCC)CCCCCCCCCCCC
45786501,B1(OC(C(O1)(C)C)(C)C)C2=CN=C(C=C2)C3=CCCCC3
46739301,B1(OC(C(O1)(C)C)(C)C)C2=CC(=CC(=C2)F)F
72214324,B1(OC(C(O1)(C)C)(C)C)C2=CC(=O)C=C(N2)C=O
71300149,B1(OC(C(O1)(C)C)(C)C)C2=C(C(=NC(=C2OC)OC)OC)OC
74789452,B1(OC(C(O1)(C)C)(C)C)C2=C(C=CC(=C2)C=O)Cl
44541676,B1(OC(C(O1)(C)C)(C)C)C2=CN=C(C=C2)N(C)C(=O)OC(C)(C)C
45786429,B1(OC(C(O1)(C)C)(C)C)C2=CN=C(C=C2)C3CC3
45786080,B1(OC(C(O1)(C)C)(C)C)C2=CSC(=N2)N3CCCC3=O
56973239,B1(OC(C(O1)(C)C)(C)C)C2=CC(=CN=C2)B3OC(C(O3)(C)C)(C)C
68923586,B1(OC(C(O1)(C)C)(C)C)C2=CN(N=C2)CC(F)(F)F
59612998,B1(OC(C(O1)(C)C)(C)C)C2=CC(=CN=C2)OC(C)C
45786007,B1(OC(C(O1)(C)C)(C)C)C2=CC(=NC=C2)OCC
17750238,B1(OC(C(O1)(C)C)(C)C)C2=CC(=C(C=C2)Cl)C(F)(F)F
53398498,B1(OC(C(O1)(C)C)(C)C)C2=NC(=CC=C2)C(=O)OC(C)(C)C
13173740,B(C1CCCCC1)(C2CCCCC2)C(C)C(C)C
57416495,B1(OC(C(O1)(C)C)(C)C)C2=CC(=C(N=C2)OC)[N+](=O)[O-]
66520603,B1(OC(C(O1)(C)C)(C)C)C2=CC(=CN=C2)C3=CC(=CC=C3)C(F)(F)F
45786389,B1(OC(C(O1)(C)C)(C)C)C2=NC=C(C=C2)C3=CC=CC=C3C
13680388,B(CCCCCC)(C(C)C(C)C)C(C)C(C)C
57576289,B1(OC(C(O1)(C)C)(C)C)C2=C(C=CC(=C2)CC(=O)OC)OC
70913712,B1(OC(C(O1)(C)C)(C)C)C2=CC(=NC(=C2)C(F)(F)F)C(C)(C)C
46318136,B1(OC(C(O1)(C)C)(C)C)C2=C(N=C(C=C2)N3CCCC3)F
12067064,B1(OC(C(O1)(C)C)(C)C)C2=C(C=CN=C2)Cl
59023132,B1(OC(C(O1)(C)C)(C)C)C2=C(NN=C2)C3CC3
57351051,B(OCOCCOCCOCCOCC)(OCOCCOCCOCCOCC)OCOCCOCCOCCOCC
16218348,B1(OC(C(O1)(C)C)(C)C)C2=CC(=CC=C2)C(=O)N3CCCC3
15836637,B1(OC(C(O1)(C)C)(C)C)C2=CCN(C2)C(=O)OC(C)(C)C
45786263,B1(OC(C(O1)(C)C)(C)C)C2=CN=CC(=N2)C3=C(C=C(C=C3)F)C
58139696,B1(OC(C(O1)(C)C)(C)C)C2=C(C=C(C=C2)C)C=O
58293793,B1(OC(C(O1)(C)C)(C)C)C2=CN(N=C2)[C@@H]3CCCN(C3)C(=O)OC(C)(C)C
24880008,B1(OC(C(O1)(C)C)(C)C)C2=CN=CN2C3CCCCO3
72221123,B1(OC(C(O1)(C)C)(C)C)C2=C(C=C(C=C2F)Cl)F
49760415,B1(OC(C(O1)(C)C)(C)C)C2=CC(=NC(=C2C)Cl)Cl
66520422,B1(OC(C(O1)(C)C)(C)C)C2=CC(=CN=C2)C3=CC(=CC=C3)F
44557750,B1(OC(C(O1)(C)C)(C)C)C2=CN(C(=C2)C(=O)OC)C(=O)OC(C)(C)C
2734655,B1(OC(C(O1)(C)C)(C)C)C2=CC(=CC=C2)N
45786032,B1(OC(C(O1)(C)C)(C)C)C2=CC(=NC=C2)OC3CCC3
66521433,B1(OC(C(O1)(C)C)(C)C)C2=CSC(=N2)N3CCCCC3=O
66520904,B1(OC(C(O1)(C)C)(C)C)C2=CN=CN2
59832291,B1(OC(C(O1)(C)C)(C)C)C2=CCC(CC2)N(CC3=CC=CC=C3)C(=O)OC(C)(C)C
71742360,B1(OC(C(O1)(C)C)(C)C)C2=CC=C(C=C2)CN(CC3=NC=CO3)C(=O)OC(C)(C)C
46739422,B1(OC(C(O1)(C)C)(C)C)C2=CC(=C(C=C2)CBr)F
11379045,B1(OC(C(O1)(C)C)(C)C)C2=CN(N=C2)CC
77230815,B1(OC(C(O1)(C)C)(C)C)C2=C(N(N=C2)C)C(F)(F)F
45786237,B1(OC(C(O1)(C)C)(C)C)C2=CN=CC(=N2)N3CCN(CC3)C
45786264,B1(OC(C(O1)(C)C)(C)C)C2=CN=CC(=N2)C3=CC=C(C=C3)C(C)(C)C
56776921,B1(OC(C(O1)(C)C)(C)C)C2=CN(N=C2)C3=C(C=CC=C3Cl)Cl
45785890,B1(OC(C(O1)(C)C)(C)C)C2=CN=C(C=N2)C3=CC=NC=C3
45785850,B1(OC(C(O1)(C)C)(C)C)C2=CN=C(C=N2)C3CCCC3
67364860,B1(OC(C(O1)(C)C)(C)C)C2=CC(=NC(=C2)C(F)(F)F)C
49760405,B1(OC(C(O1)(C)C)(C)C)C2=CC(=NC=C2)COC(=O)C
72212689,B1(OC(C(O1)(C)C)(C)C)C2=C3CN(CCN3N=C2)C(=O)OC(C)(C)C
71285887,B1(OC(C(O1)(C)C)(C)C)C2=CC=C(C=C2)OC3=CC=C(C=C3)OC(F)(F)F
21980034,B1(OC(C(O1)(C)C)(C)C)C2=C(N=C(C=C2)C)C
56776849,B1(OC(C(O1)(C)C)(C)C)C2=CC(=NC(=C2)Cl)OCC3=CC=C(C=C3)OC
49758200,B1(OC(C(O1)(C)C)(C)C)C2=CN=CC(=N2)N3C(=O)C=CC=N3
59770452,B1(OC(C(O1)(C)C)(C)C)C2=CC(=CC(=C2)F)[N+](=O)[O-]
53398515,B1(OC(C(O1)(C)C)(C)C)C2=CC(=C(C=N2)[N+](=O)[O-])C
59320843,B1(OC(C(O1)(C)C)(C)C)C2=CC=C(C=C2)OC3CCN(CC3)C(=O)OC(C)(C)C
12177222,B1(OC(C(O1)(C)C)(C)C)C2=CN=C(C=C2)F
45785708,B1(OC(C(O1)(C)C)(C)C)C2=CC(=NC=C2)C(F)(F)F
45786344,B1(OC(C(O1)(C)C)(C)C)C2=CC(=CO2)C
66521590,B1(OC(C(O1)(C)C)(C)C)C2=CN(C=N2)C3=C(C=C(C=C3)F)C
11695251,B1(OC(C(O1)(C)C)(C)C)C2=CCCCN2C(=O)OC(C)(C)C
45786426,B1(OC(C(O1)(C)C)(C)C)C2=NC=CC(=C2)C(=O)OCC
53217096,B1(OC(C(O1)(C)C)(C)C)C2=C(C=CC(=C2)Cl)F
66520429,B1(OC(C(O1)(C)C)(C)C)C2=NC(=CC=C2)OC(=O)C
53440592,B1(OC(C(O1)(C)C)(C)C)C2=CN=C(N=C2)OC
71464119,B1(OC(C(O1)(C)C)(C)C)C2=C(C(=NC=C2)Cl)F
45588126,B1(OC(C(O1)(C)C)(C)C)C2=C(SC=C2)C
71743279,B1(OC(C(O1)(C)C)(C)C)C2=C3C(=CC=C2)CC(=O)N3C
66520931,B1(OC(C(O1)(C)C)(C)C)C2=NC=CC(=C2)N3CCCC3=O
54576812,B1(OC(C(O1)(C)C)(C)C)C2=CN(N=C2)C3CN(C3)C(=O)OC(C)(C)C
67182032,B1(OC(C(O1)(C)C)(C)C)C2=CN=C(N=C2)N3CCC(=O)CC3
46939718,B1(OC(C(O1)(C)C)(C)C)CC2=CC=C(C=C2)Cl
66520679,B1(OC(C(O1)(C)C)(C)C)C2=C(C=NC=C2)C3CCCC3
12158612,B1(OC(C(O1)(C)C)(C)C)C2=CC(=CN=C2)CC=C
44119647,B1(OC(C(O1)(C)C)(C)C)C2=CCC(C=C2)(C)C
46739721,B1(OC(C(O1)(C)C)(C)C)C2=CC(=CN=C2OC)F
44557691,B1(OC(C(O1)(C)C)(C)C)C2=CN(C(=C2)C)C(=O)OC(C)(C)C
58357243,B1(OC(C(O1)(C)C)(C)C)C2=CN=C(C=C2)C(=O)CC
17749960,B1(OC(C(O1)(C)C)(C)C)C2=CC=C(C=C2)OCC(F)F
46739748,B1(OC(C(O1)(C)C)(C)C)C2=CC=C(C=C2)C=C3C(=O)N(C(=O)N(C3=O)C)C
2773565,B1(OC(C(O1)(C)C)(C)C)C2=CC=C(C=C2)CN3C(=O)C4=CC=CC=C4C3=O
46739023,B1(OC(C(O1)(C)C)(C)C)C2=CC(=C(N=C2)N3CCN(CC3)C(=O)OC(C)(C)C)C
54775464,B1(OC(C(O1)(C)C)(C)C)C2=CN=C(C=C2)CN
17750192,B1(OC(C(O1)(C)C)(C)C)C2=C(N=CC=C2)OC(C)C
53217112,B1(OC(C(O1)(C)C)(C)C)C2=CC3=C(C=C2)N(C(=O)C3)C(=O)OC(C)(C)C
17999235,B1(OC(C(O1)(C)C)(C)C)C2=CN(N=C2)CC(OC)OC
45786065,B1(OC(C(O1)(C)C)(C)C)C2=NC=CC(=C2)OC3CCOC3
17750481,B1(OC(C(O1)(C)C)(C)C)C2=CC(=NC(=N2)C)Cl
72220387,B1(OC(C(O1)(C)C)(C)C)C2=CC(=C(N=C2)N(C)C)Br
72214429,B1(OC(C(O1)(C)C)(C)C)C2=CC(=CC(=N2)C)Br
11597250,B(CCCCCCCCCC)(CCCCCCCCCC)CCCCCCCCCC
46739761,B1(OC(C(O1)(C)C)(C)C)C2=CC3=C(C=C2)C(=O)OC3=O
72214301,B1(OC(C(O1)(C)C)(C)C)C2=CC(=CC(=N2)C=O)F
59392634,B1(OC(C(O1)(C)C)(C)C)C2=CN(N=C2)C3CCCN(C3)C(=O)OC(C)(C)C
67548979,B1(OC(C(O1)(C)C)(C)C)C2=CC(=CC=C2)CCC(=O)OCC
44755153,B1(OC(C(O1)(C)C)(C)C)C2=C(N=C(C=C2)F)F
71303360,B1(OC(C(O1)(C)C)(C)C)C2=C(C=CN=C2)OCC
59264746,B1(OC(C(O1)(C)C)(C)C)C2=CC(=CC=C2)N3CCN(CC3)C
12012759,B1(OC(C(O1)(C)C)(C)C)CC2=CC=C(C=C2)OC
56776922,B1(OC(C(O1)(C)C)(C)C)C2=CC=C(C=C2)C(C(=O)OCC)(F)F
69941664,B1(OC(C(O1)(C)C)(C)C)C2=CC(=C(N=C2)OCC)F
59446390,B1(OC(C(O1)(C)C)(C)C)C2=CC=CC=C2CC(C)C
53217125,B1(OC(C(O1)(C)C)(C)C)C2=C(OC(=C2)C)C
57505885,B1(OC(C(O1)(C)C)(C)C)C2=C3CCN(CC3=CC=C2)C(=O)OC(C)(C)C
11587208,B1(OC(C(O1)(C)C)(C)C)C2=CC=NN2C3CCCCO3
24824346,B1(OC(C(O1)(C)C)(C)C)C2=CC(=C(C=C2)C(=O)OC)C
53398390,B1(OC(C(O1)(C)C)(C)C)C2=CN=C(C=C2C)N
12012760,B1(OC(C(O1)(C)C)(C)C)CC2=CC=C(C=C2)C(=O)OC
2773987,B1(OC(C(O1)(C)C)(C)C)C2=CN(N=C2)C
66521586,B1(OC(C(O1)(C)C)(C)C)C2=CN(C=N2)C3=CC(=CC(=C3)F)F
68995348,B1(OC(C(O1)(C)C)(C)C)C2=CN(N=C2C3=CC=C(C=C3)[N+](=O)[O-])CC
2736881,B1(OC(C(O1)(C)C)(C)C)C2=CC=C(O2)C
58547665,B1(OC(C(O1)(C)C)(C)C)C2=CC3=C(C=C2)N(C(=O)C3)C
17750490,B1(OC(C(O1)(C)C)(C)C)C2=NC(=CC=C2)C=O
53217310,B1(OC(C(O1)(C)C)(C)C)C2=CC(=NN=C2)C
44557751,B1(OC(C(O1)(C)C)(C)C)C2=CN(C=N2)C(=O)OC(C)(C)C
45786287,B1(OC(C(O1)(C)C)(C)C)C2=NC(=CC=C2)C3=CC=CC=C3F
17750193,B1(OC(C(O1)(C)C)(C)C)C2=C(N=CC=C2)OCC3CC3
46864097,B1(OC(C(O1)(C)C)(C)C)C2=C(C(=CC=C2)Cl)N
66520269,B1(OC(C(O1)(C)C)(C)C)C2=CC(=C(C=N2)C3CC3)Br
45786062,B1(OC(C(O1)(C)C)(C)C)C2=NC=CC(=C2)N3CCOCC3
90064889,B1(OC(C(O1)(C)C)(C)C)C2=CN=C(C=C2)C3=CCN(CC3)C(=O)OC(C)(C)C
74789592,B1(OC(C(O1)(C)C)(C)C)C2=CC(=C(C=C2F)C)[N+](=O)[O-]
66520521,B1(OC(C(O1)(C)C)(C)C)C2=NC=CC(=C2)N=CC3=CC=CC=C3
49757986,B1(OC(C(O1)(C)C)(C)C)C2=CN(N=C2)C(F)F
72221112,B1(OC(C(O1)(C)C)(C)C)C2=C(C=C(C=C2)N)C(F)(F)F
56776883,B1(OC(C(O1)(C)C)(C)C)C2=C(C=C(C=C2)F)CN3CCCC3
49760428,B1(OC(C(O1)(C)C)(C)C)C2=C(C=NC=C2)OCC
66521019,B1(OC(C(O1)(C)C)(C)C)C2=CC(=CN=C2)N(C)CC
89815208,B1(OC(C(O1)(C)C)(C)C)C2=C(C=C(C=C2)C(F)(F)F)C3=CC=NN3C
49758730,B1(OC(C(O1)(C)C)(C)C)C2=CN=C(N=C2)C3=CC(=CC=C3)F
17750464,B1(OC(C(O1)(C)C)(C)C)C2=NC=C(C=C2)C(F)(F)F
45786005,B1(OC(C(O1)(C)C)(C)C)C2=CC(=NC=C2)C3=CC(=CC=C3)F
66520825,B1(OC(C(O1)(C)C)(C)C)C2=CN(N=C2)C3=CC=CC=C3C(F)(F)F
59251805,B1(OC(C(O1)(C)C)(C)C)C2=CN=C(C=C2F)N
24208790,B1(OC(C(O1)(C)C)(C)C)C2=C(C=NC=C2)F
72220381,B1(OC(C(O1)(C)C)(C)C)C2=CNC(=O)C(=C2)Cl
45785915,B1(OC(C(O1)(C)C)(C)C)C2=CN=C(C=N2)C
49760418,B1(OC(C(O1)(C)C)(C)C)C2=CC(=NC=C2)SC
17750246,B1(OC(C(O1)(C)C)(C)C)C2=C(C=C(C=C2)C3=CC=CC=C3)F
23134245,B1(OC(C(O1)(C)C)(C)C)C2=CC(=C(C=C2)C(=O)OC)OCC
46739549,B1(OC(C(O1)(C)C)(C)C)C2=C(C=C(C=C2F)C(=O)OC)F
53398368,B1(OC(C(O1)(C)C)(C)C)C2=CC(=CN=C2C)C
49761019,B1(OC(C(O1)(C)C)(C)C)C2=CCCN(C2)CC
72220380,B1(OC(C(O1)(C)C)(C)C)C2=CC(=C(N=C2)F)OC
46739490,B1(OC(C(O1)(C)C)(C)C)C2=CC(=NC(=C2)OC)C(F)(F)F
45786549,B1(OC(C(O1)(C)C)(C)C)C2=NC(=CC=C2)C3CCCOC3
45785917,B1(OC(C(O1)(C)C)(C)C)C2=CN=C(C=N2)OC(C)C
46856416,B1(OC(C(O1)(C)C)(C)C)C2=CC3=C(CN(C3=O)C)C=C2
72218803,B1(OC(C(O1)(C)C)(C)C)C2=C(C=CN=C2)OC(=O)C
45785935,B1(OC(C(O1)(C)C)(C)C)C2=CN=CC(=N2)N3C=C(C=N3)C
17750482,B1(OC(C(O1)(C)C)(C)C)C2=CC(=NC(=N2)SC)C
21081661,B1(OC(C(O1)(C)C)(C)C)C2=CC(=NC=C2)N3CCOCC3
66520331,B1(OC(C(O1)(C)C)(C)C)C2=CC(=C(C=N2)C)Br
49758768,B1(OC(C(O1)(C)C)(C)C)C2=CN=C(N=C2)N3C=CC=C3
4438527,[B-](C1=C(C(=C(C(=C1F)F)F)F)F)(C2=C(C(=C(C(=C2F)F)F)F)F)(C3=C(C(=C(C(=C3F)F)F)F)F)C4=C(C(=C(C(=C4F)F)F)F)F
74890426,B1(OC(C(O1)(C)C)(C)C)C2=CN(C(=C2)C(=O)OC)CC3=CC=C(C=C3)OC
72221118,B1(OC(C(O1)(C)C)(C)C)C2=C(C=CC(=C2)Cl)C(=O)OC
46739811,B1(OC(C(O1)(C)C)(C)C)C2=CC(=NC(=C2)F)F
67389783,B1(OC(C(O1)(C)C)(C)C)C2=CC(=C(C=C2)CC(=O)OC)Cl
59535308,B1(OC(C(O1)(C)C)(C)C)C2=CN=C(C=C2)C(F)F
53216796,B1(OC(C(O1)(C)C)(C)C)CC2=CC=CC=C2F
71303007,B1(OC(C(O1)(C)C)(C)C)C2=CC(=NO2)C
59292152,B1(OC(C(O1)(C)C)(C)C)C2=CN=C(C=C2)N3CCCN(CC3)C
44755193,B1(OC(C(O1)(C)C)(C)C)C2=CN=C(N=C2OCC3=CC=CC=C3)Cl
22240170,B1(OC(C(O1)(C)C)(C)C)C2=CC(=CC=C2)C=C
46739825,B1(OC(C(O1)(C)C)(C)C)C2=CC=CC=C2CC(=O)OC
12159722,B1(OC(C(O1)(C)C)(C)C)C2=CC=CC=C2F
46739241,B1(OC(C(O1)(C)C)(C)C)C2=CC(=NC(=C2)Cl)F
45785799,B1(OC(C(O1)(C)C)(C)C)C2=NC=NC=C2
57415697,B1(OC(C(O1)(C)C)(C)C)C2=CNC(=O)C(=C2)F
45786578,B1(OC(C(O1)(C)C)(C)C)C2=CN=C(C=N2)C3CCN(CC3)C(=O)OC(C)(C)C
58486314,B1(OC(C(O1)(C)C)(C)C)C2=CN=C(C=C2)N3CCC(CC3)C
24208798,B1(OC(C(O1)(C)C)(C)C)C2=CN=C(C=C2)OC(C)C
49760410,B1(OC(C(O1)(C)C)(C)C)C2=CC(=NC(=C2)Cl)OC
86723208,B1(OC(C(O1)(C)C)(C)C)C2=C(C=C(C=C2)S(=O)(=O)CC)OC
45786299,B1(OC(C(O1)(C)C)(C)C)C2=NC=CC(=C2)C3=CC=C(C=C3)C
45785870,B1(OC(C(O1)(C)C)(C)C)C2=CSC(=N2)N3C=CN=C3
32712,B(OC(C)CCCCCC)(OC(C)CCCCCC)OC(C)CCCCCC
53398554,B1(OC(C(O1)(C)C)(C)C)C2=CN=C(C(=C2C)[N+](=O)[O-])OC
69672435,B1(OC(C(O1)(C)C)(C)C)C2=C(C=C(C=C2)C)F
66521392,B1(OC(C(O1)(C)C)(C)C)C2=CN=C(C=N2)N3CCCCC3=O
75486307,B1(OC(C(O1)(C)C)(C)C)C2=CC(=C(C=C2N)C(F)(F)F)F
45786025,B1(OC(C(O1)(C)C)(C)C)C2=CC(=NC=C2)N3CCCC(C3)C
53398614,B1(OC(C(O1)(C)C)(C)C)C2=C(SC=C2)C(=O)OCC
44755156,B1(OC(C(O1)(C)C)(C)C)C2=C(C(=NC=C2)F)Cl
45786023,B1(OC(C(O1)(C)C)(C)C)C2=CC(=NC=C2)N3CCCC3=O
49760386,B1(OC(C(O1)(C)C)(C)C)C2=C(C(=NC=C2)F)C=O
56973587,B1(OC(C(O1)(C)C)(C)C)C=C2CCN(CC2)C(=O)OC(C)(C)C
53398628,B1(OC(C(O1)(C)C)(C)C)C2=CN=C(C(=N2)N3CCOCC3)N
73556645,B(OCCOCCOCCOCCOCCOCCCC)(OCCOCCOCCOCCOCCOCCCC)OCCOCCOCCOCCOCCOCCCC
49760464,B1(OC(C(O1)(C)C)(C)C)C2=C(C=NC=C2)OC3CC3
53217098,B1(OC(C(O1)(C)C)(C)C)C2=C(C(=CC=C2)OC)F
53398485,B1(OC(C(O1)(C)C)(C)C)C2=NC=CC(=C2)C(=O)OC(C)(C)C
45786210,B1(OC(C(O1)(C)C)(C)C)C2=CSC(=N2)C3=CC(=CC(=C3)F)F
17178,B(OCCCCCCCCCCCC)(OCCCCCCCCCCCC)OCCCCCCCCCCCC
45786295,B1(OC(C(O1)(C)C)(C)C)C2=NC=CC(=C2)C3CCCCC3
66521162,B1(OC(C(O1)(C)C)(C)C)C2=CN(N=C2)C3=C(C=C(C=C3)F)C
66781540,B1(OC(C(O1)(C)C)(C)C)C2=CC(=C(N=C2)N)S(=O)(=O)N
53216770,B1(OC(C(O1)(C)C)(C)C)C2=CC(=CN=C2F)F
46739337,B1(OC(C(O1)(C)C)(C)C)C2=CC=C(O2)C(=O)OCC
21931539,B1(OC(C(O1)(C)C)(C)C)C2=CC=NN2
16414180,B1(OC(C(O1)(C)C)(C)C)C2=CON=C2
17750486,B1(OC(C(O1)(C)C)(C)C)C2=CN=CC(=N2)Cl
44755207,B1(OC(C(O1)(C)C)(C)C)C2=C(C=C(C=C2)N)F
17750248,B1(OC(C(O1)(C)C)(C)C)C2=C(C=C(C=C2)C(F)(F)F)F
10489716,B1(OC(C(O1)(C)C)(C)C)C2=C(C=CC=C2C)C
67679496,B1(OC(C(O1)(C)C)(C)C)C2=C(C(=CC=C2)F)N
59463255,B1(OC(C(O1)(C)C)(C)C)C2=C3CN(CC3=CC=C2)C(=O)OC(C)(C)C
21111425,B1(OC(C(O1)(C)C)(C)C)C2=CC(=C(N=C2)N)OCC3=CC=CC=C3
17750275,B1(OC(C(O1)(C)C)(C)C)C2=CC=C(C=C2)OC3=CC=CC=C3
59392625,B1(OC(C(O1)(C)C)(C)C)C2=CN(N=C2)CC3CCN(CC3)C(=O)OC(C)(C)C
72219181,B1(OC(C(O1)(C)C)(C)C)C2=C(C=CN=C2)CC
43811068,B1(OC(C(O1)(C)C)(C)C)C2=CC(=CN=C2)N
45786024,B1(OC(C(O1)(C)C)(C)C)C2=CC(=NC=C2)N3CCCCC3C
53398553,B1(OC(C(O1)(C)C)(C)C)C2=CN=C(C(=C2C)[N+](=O)[O-])Cl
53398370,B1(OC(C(O1)(C)C)(C)C)C2=CC(=CN=C2Cl)F
52987621,B1(OC(C(O1)(C)C)(C)C)C2=CC3=C(CN(CC3)C(=O)OC(C)(C)C)C=C2
66520165,B1(OC(C(O1)(C)C)(C)C)C2=CC(=CS2)C3=CC(=CC(=C3)F)F
45480279,B1(OC(C(O1)(C)C)(C)C)C2=CN(N=C2)C3CCN(CC3)C(=O)OC(C)(C)C
75356280,B1(OC(C(O1)(C)C)(C)C)C2=CN(N=C2C(C)C)C
66520514,B1(OC(C(O1)(C)C)(C)C)C2=CC(=CN=C2)C3=CC(=C(C=C3)F)F
53217335,B1(OC(C(O1)(C)C)(C)C)C2=CC(=C(N=C2)Cl)C(=O)OC(C)(C)C
45785991,B1(OC(C(O1)(C)C)(C)C)C2=NC=CC(=C2)OC
57399970,B1(OC(C(O1)(C)C)(C)C)C2=CC=C(C=C2)CCC
66826798,B1(OC(C(O1)(C)C)(C)C)C2=CN(C(=C2)C(=O)OC)C(C)C
67977255,B1(OC(C(O1)(C)C)(C)C)C2=CN=C(C=C2C)C(=O)OC
75537250,B1(OC(C(O1)(C)C)(C)C)C2=CC(=C(C=C2N)F)F
4992640,B1(OC(C(O1)(C)C)(C)C)C2=CC(=CN=C2)C=O
45786288,B1(OC(C(O1)(C)C)(C)C)C2=NC(=CC=C2)C3=CC(=CC(=C3)F)F
90286515,B1(OC(C(O1)(C)C)(C)C)C2=CC(=C(N=C2)N)OC(F)(F)F
582056,B(C1=C(C(=C(C(=C1F)F)F)F)F)(C2=C(C(=C(C(=C2F)F)F)F)F)C3=C(C(=C(C(=C3F)F)F)F)F
59535211,B1(OC(C(O1)(C)C)(C)C)C2=CC(=CN=C2)CC
89858628,B1(OC(C(O1)(C)C)(C)C)C2=CC=CC=C2COC3=CC=CC=C3C
17750489,B1(OC(C(O1)(C)C)(C)C)C2=NC=C(C=C2)C=O
2795502,B1(OC(C(O1)(C)C)(C)C)C2=CC=C(C=C2)CN3CCOCC3
88422,B(OCCCCCCCCCC)(OCCCCCCCCCC)OCCCCCCCCCC
59351291,B1(OC(C(O1)(C)C)(C)C)C2=CC(=O)N(CC2)C
59694425,B1(OC(C(O1)(C)C)(C)C)C2=CN(C(=C2)C(=O)OC)C
44119763,B1(OC(C(O1)(C)C)(C)C)C2=CC(=CC=C2)C(=O)N(C)OC
49760484,B1(OC(C(O1)(C)C)(C)C)C2=CC(=NC(=C2)Cl)C(F)(F)F
45785972,B1(OC(C(O1)(C)C)(C)C)C2=CN=CC(=N2)N3CCCC3=O
70216638,B1(OC(C(O1)(C)C)(C)C)C2=CC(=CN=C2)C(C)(C)N
56776914,B1(OC(C(O1)(C)C)(C)C)C2=C(C=C(C=C2)F)CN3CCOCC3
86713877,B1(OC(C(O1)(C)C)(C)C)C2=C(N(N=C2C)C)F
72214361,B1(OC(C(O1)(C)C)(C)C)C2=CC(=CC(=O)N2)C=O
53398497,B1(OC(C(O1)(C)C)(C)C)C2=NC(=CC=C2)C(=O)OCC
57345810,B1(OC(C(O1)(C)C)(C)C)C2=CN(N=C2)C3CCCCC3
53398371,B1(OC(C(O1)(C)C)(C)C)C2=CC(=CN=C2Cl)[N+](=O)[O-]
71303839,B1(OC(C(O1)(C)C)(C)C)C2=CC3=C(C=C2)C(=O)CCC3
17750474,B1(OC(C(O1)(C)C)(C)C)C2=NC(=CC=C2)N
45786320,B1(OC(C(O1)(C)C)(C)C)C2=NC=C(C=C2)C3CC3
77230380,B1(OC(C(O1)(C)C)(C)C)C2=CON=C2C
72214537,B1(OC(C(O1)(C)C)(C)C)C2=CC=NN2C(C)(C)C
71386271,B(CCCC)(CCCC)CCCCOC
44755181,B1(OC(C(O1)(C)C)(C)C)C2=CC(=C(N=C2)N(C)C(=O)OC(C)(C)C)C
67074141,B1(OC(C(O1)(C)C)(C)C)C2=CN(N=C2C3=CC=C(C=C3)F)C4CC4
49760463,B1(OC(C(O1)(C)C)(C)C)C2=C(C=NC=C2)OC(C)C
45788496,B1(OC(C(O1)(C)C)(C)C)C2=CN(N=C2)C3CCOCC3
71669266,B1(OC(C(O1)(C)C)(C)C)C2=CN=C(N=C2OCC3=CC=CC=C3)N(C)C
2760589,B1(OC(C(O1)(C)C)(C)C)C2=CC3=C(C=C2)OCO3
57955144,B1(OC(C(O1)(C)C)(C)C)C2=CC(=C(C=C2F)N)F
11778242,B1(OC(C(O1)(C)C)(C)C)C2=CC(=NC=C2)C(=O)OCC
45786026,B1(OC(C(O1)(C)C)(C)C)C2=CC(=NC=C2)N3CCC(CC3)C
72214358,B1(OC(C(O1)(C)C)(C)C)C2=CC(=CC(=N2)C)C=O
72218753,B1(OC(C(O1)(C)C)(C)C)C2=CC(=NC=C2)[N+](=O)[O-]
43811063,B1(OC(C(O1)(C)C)(C)C)C2=CC(=C(C=C2)CN3CCOCC3)F
70975109,B1(OC(C(O1)(C)C)(C)C)C2=CC(=C(C=C2)N3CCOCC3)F
45786253,B1(OC(C(O1)(C)C)(C)C)C2=CN=CC(=N2)C3=CC=CC=C3C
122587,B(C(C)C(C)C)(C(C)C(C)C)C(C)C(C)C
71384846,B(C(C)CCCCCC)(C(C)CCCCCC)C(C)CCCCCC
22240303,B1(OC(C(O1)(C)C)(C)C)C2=CC(=CC(=C2)OC)C(F)(F)F
45786003,B1(OC(C(O1)(C)C)(C)C)C2=CC(=O)NC=C2
74789439,B1(OC(C(O1)(C)C)(C)C)C2=CC(=C(C=C2)OC(F)(F)F)[N+](=O)[O-]
44755162,B1(OC(C(O1)(C)C)(C)C)C2=C(N=CC=C2)OCC3=CC=CC=C3
45785943,B1(OC(C(O1)(C)C)(C)C)C2=NC(=CC=C2)N3CCCC3=O
17750207,B1(OC(C(O1)(C)C)(C)C)C2=CC(=C(C=C2)N)OC
59402346,B1(OC(C(O1)(C)C)(C)C)C2=CN(N=C2)CC3CCCO3
59402312,B1(OC(C(O1)(C)C)(C)C)C2=NN(C=C2)CC
2760077,B1(OC(C(O1)(C)C)(C)C)C2=NN(C=C2)C
17750078,B1(OC(C(O1)(C)C)(C)C)C2=CC3=C(CCC3=O)C=C2
11218929,B1(OC(C(O1)(C)C)(C)C)C2=CC=C(N2)C(=O)OC
53429060,B1(OC(C(O1)(C)C)(C)C)C2=CC(=CC(=C2)Cl)C
45786245,B1(OC(C(O1)(C)C)(C)C)C2=CN=CC(=N2)C3CCCCC3
56973159,B1(OC(C(O1)(C)C)(C)C)C2=C(C(=CC=C2)Cl)F
72217713,B1(OC(C(O1)(C)C)(C)C)C2=CC(=C(C=N2)C=O)N
72216257,B1(OC(C(O1)(C)C)(C)C)C2=CC(=CC(=N2)C=O)C(F)(F)F
90183553,B1(OC(C(O1)(C)C)(C)C)C2=CN(N=C2)CC3CCN(C3)C(=O)OC(C)(C)C
58164432,B1(OC(C(O1)(C)C)(C)C)C2=C(C(=CC=C2)N)Cl
59599447,B1(OC(C(O1)(C)C)(C)C)C2=CN(N=C2)CC3CN(C3)C(=O)OC(C)(C)C
17750463,B1(OC(C(O1)(C)C)(C)C)C2=NC=CC(=C2)F
53398059,B1(OC(C(O1)(C)C)(C)C)C2=CC(=C(N=C2)N)OC
59231695,B1(OC(C(O1)(C)C)(C)C)C2=CN(N=C2)CC3CCOCC3
72214280,B1(OC(C(O1)(C)C)(C)C)C2=CC(=CC(=N2)F)OC
16218388,B1(OC(C(O1)(C)C)(C)C)C2=CN=C(N=C2OC)OC
91658876,B1(OC(C(O1)(C)C)(C)C)C2=CC(=CC3=C2CC(C3)OC(=O)C)Br
23005421,B1(OC(C(O1)(C)C)(C)C)C2=CC=CC=C2Cl
25058170,[B-]1(N2C(=CC(=C2C(=C3[N+]1=C(C=C3C)C)C4=CC=CC=C4)C)C)(F)F
72218970,B1(OC(C(O1)(C)C)(C)C)C2=NC(=C(C=C2)C(=O)OC)Cl
45785867,[2H]C([2H])([2H])OC1=CC=CC=C1C2=NC=C(N=C2)B3OC(C(O3)(C)C)(C)C
45786018,B1(OC(C(O1)(C)C)(C)C)C2=CC(=NC=C2)N3C=C(C=N3)C
45786356,B1(OC(C(O1)(C)C)(C)C)C2=CC(=CO2)C3=CC=CC=C3OC
45785971,B1(OC(C(O1)(C)C)(C)C)C2=CN=C(C=N2)N3C=C(N=C3)C
45785894,B1(OC(C(O1)(C)C)(C)C)C2=CN=C(C=N2)C3=CN=C(N=C3)N
11327649,B(C1=CC=CC=C1)(C2=C(C(=C(C(=C2F)F)F)F)F)C3=C(C(=C(C(=C3F)F)F)F)F
72216218,B1(OC(C(O1)(C)C)(C)C)C2=CC(=CC(=N2)C(F)(F)F)C=O
45786034,B1(OC(C(O1)(C)C)(C)C)C2=CC(=NC=C2)OC3CCOC3
66520163,B1(OC(C(O1)(C)C)(C)C)C2=CC(=CS2)C3=C(C=C(C=C3)F)C
68648791,B1(OC(C(O1)(C)C)(C)C)C2=C(C=C(C=C2)C(=O)OC)C(=O)OC
46739070,B1(OC(C(O1)(C)C)(C)C)C2=CC=C(C=C2)C=NC3=CC=C(C=C3)OC
45785905,B1(OC(C(O1)(C)C)(C)C)C2=CN=C(C=N2)N3CCC(CC3)C
45786064,B1(OC(C(O1)(C)C)(C)C)C2=NC=CC(=C2)OC3CCCC3
59402297,B1(OC(C(O1)(C)C)(C)C)C2=CN(N=C2)CCF
66683333,B1(OC(C(O1)(C)C)(C)C)C2=CC(=C(C=C2)C(=O)N)C
56973224,B1(OC(C(O1)(C)C)(C)C)CC2=CC(=CC(=C2)C)C
53398542,B1(OC(C(O1)(C)C)(C)C)C2=CC(=C(N=C2)Cl)[N+](=O)[O-]
59507872,B1(OC(C(O1)(C)C)(C)C)C2=C(N=C(C=C2)N)F
49758732,B1(OC(C(O1)(C)C)(C)C)C2=CN=C(N=C2)C3=CC=C(C=C3)F
59354192,B1(OC(C(O1)(C)C)(C)C)C2=CC(=C(N=C2OC)OC)C(=O)OC
18457804,B1(OC(C(O1)(C)C)(C)C)C2=CC=CC=C2C(=O)N
66521216,B1(OC(C(O1)(C)C)(C)C)C2=CC(=CN=C2)N3CCCCC3C
12007219,B1(OC(C(O1)(C)C)(C)C)C2=CC(=NC(=C2)C)C
60146090,B1(OC(C(O1)(C)C)(C)C)C2=CN(N=C2)CCC(=O)OC
16414196,B1(OC(C(O1)(C)C)(C)C)C2=CCCCO2
72221475,B1(OC(C(O1)(C)C)(C)C)C2=CN=C(C=C2C)OC(C)C
22559200,B1(OC(C(O1)(C)C)(C)C)C2=CC(=C(C=C2)N)C
67389388,B1(OC(C(O1)(C)C)(C)C)C2=CC(=C(N=C2)OCC)C(F)(F)F
56924444,B1(OC(C(O1)(C)C)(C)C)C2=C(C=CN=C2)F
45786490,B1(OC(C(O1)(C)C)(C)C)C2=CN=C(C=C2)CC
57512870,B1(OC(C(O1)(C)C)(C)C)C2=C(N=C(C=C2)N)OC
44755165,B1(OC(C(O1)(C)C)(C)C)C2=CN=C(C=C2)N(C)CC3=CC=CC=C3
71336105,B(CCCCCC)(CCCCCC)C=CCCCCCC
66521030,B1(OC(C(O1)(C)C)(C)C)C2=NC=C(C=C2)N3CCCCC3C
72214302,B1(OC(C(O1)(C)C)(C)C)C2=CC(=CC(=N2)C=O)Cl
71303375,B1(OC(C(O1)(C)C)(C)C)C2=C(C=CN=C2)OC(C)C
75487178,B1(OC(C(O1)(C)C)(C)C)C2=C(C=CC(=C2)N)OC(F)(F)F
46739293,B1(OC(C(O1)(C)C)(C)C)CCC(=O)OC
45785904,B1(OC(C(O1)(C)C)(C)C)C2=NC(=CC=C2)N3CCN(CC3)C
53398539,B1(OC(C(O1)(C)C)(C)C)C2=CN=C(C=C2)C3OCCO3
45786055,B1(OC(C(O1)(C)C)(C)C)C2=NC=CC(=C2)N3CCCC(C3)C
49760494,B1(OC(C(O1)(C)C)(C)C)C2=CC(=NC=C2)OCC(C)C
45786011,B1(OC(C(O1)(C)C)(C)C)C2=CC(=NC=C2)N(C)C
68967074,B1(OC(C(O1)(C)C)(C)C)C2=CC=CC=C2C(C)C
59007088,B1(OC(C(O1)(C)C)(C)C)C2=CSC(=C2)C
49758734,B1(OC(C(O1)(C)C)(C)C)C2=CN=C(N=C2)C3=CC=CC=C3C(F)(F)F
53217140,B1(OC(C(O1)(C)C)(C)C)C2=CC(=CC=C2)CC(=O)OCC
45786012,B1(OC(C(O1)(C)C)(C)C)C2=CC(=NC=C2)N(C)CC
44784903,B1(OC(C(O1)(C)C)(C)C)C2=CC(=NC(=N2)N)C
75486840,B1(OC(C(O1)(C)C)(C)C)C2=C(N=CN2)C
53216766,B1(OC(C(O1)(C)C)(C)C)C2=CC=C(C=C2)C3=CC(=CC=C3)C(=O)OC
66521026,B1(OC(C(O1)(C)C)(C)C)C2=C(N=C(S2)OC)C3CC3
53482118,B1(OC(C(O1)(C)C)(C)C)C2=CC=C(C=C2)C3=CC=CC=N3
53217226,B1(OC(C(O1)(C)C)(C)C)C2=CN(C=C2)C(=O)OCC
67159100,B1(OC(C(O1)(C)C)(C)C)C2=CC(=CN=C2F)C(F)(F)F
67057506,B1(OC(C(O1)(C)C)(C)C)C2=C(C=C(C=C2Cl)Cl)OC
86703195,B1(OC(C(O1)(C)C)(C)C)C2=CN=CN=C2OC
45787281,B1(OC(C(O1)(C)C)(C)C)C2=CN=NC=C2
90416382,B1(OC(C(O1)(C)C)(C)C)C2=C(C=CC(=C2)S(=O)(=O)C)F
45789683,B1(OC(C(O1)(C)C)(C)C)C2=CN(N=C2)C(C3=CC=CC=C3)(C4=CC=CC=C4)C5=CC=CC=C5
66748053,B1(OC(C(O1)(C)C)(C)C)C2=CC=C(C=C2)OC3=CC=C(C=C3)C
66520997,B1(OC(C(O1)(C)C)(C)C)C2=CN(C(=N2)C)CCOC(=O)C
53398629,B1(OC(C(O1)(C)C)(C)C)C2=CN=C(C(=N2)N(C)C)N
49758722,B1(OC(C(O1)(C)C)(C)C)C2=CN=C(N=C2)C3=CC=CC=C3C
45786365,B1(OC(C(O1)(C)C)(C)C)C2=CC=C(O2)C3=CC=CC=C3C
15584534,B(C(C)C)(OCCCCCCC)OCCCCCCC
45790067,B1(OC(C(O1)(C)C)(C)C)C2=CC(=C(C=C2)N)C(=O)OC
57516276,B1(OC(C(O1)(C)C)(C)C)C2=CC(=C(N=C2)C)[N+](=O)[O-]
10867233,B1(OC(C(O1)(C)C)(C)C)C2=CCOC2
12569888,B1(OC(C(O1)(C)C)(C)C)C=C2CCCCC2
66521619,B1(OC(C(O1)(C)C)(C)C)C2=CN(C=N2)CC
46835487,B1(OC(C(O1)(C)C)(C)C)C2=CC=C(C=C2)C(C)(F)F
21425,B(OCCCCCCCCCCCCCCCCCC)(OCCCCCCCCCCCCCCCCCC)OCCCCCCCCCCCCCCCCCC
53216810,B1(OC(C(O1)(C)C)(C)C)C2=CC(=C(N=C2)C)C
45786323,B1(OC(C(O1)(C)C)(C)C)C2=NC=C(C=C2)C(C)C
72220554,B1(OC(C(O1)(C)C)(C)C)C2=CC=C(N2)C
43811067,B1(OC(C(O1)(C)C)(C)C)C2=C(N=CC=C2)N
46739763,B1(OC(C(O1)(C)C)(C)C)C2=CC=C(C=C2)C=NC(C)(C)C
59392608,B1(OC(C(O1)(C)C)(C)C)C2=CN(N=C2C)C3CCN(CC3)C(=O)OC(C)(C)C
49761017,B1(OC(C(O1)(C)C)(C)C)C2=CCN(CC2)CC
90413424,B1(OC(C(O1)(C)C)(C)C)C2=C(C3=C(C=C2)OC(O3)(F)F)F
59418692,B1(OC(C(O1)(C)C)(C)C)C2=CC3=C(C=C2)OCCN3C(=O)OC(C)(C)C
72219187,B1(OC(C(O1)(C)C)(C)C)C2=CC(=CN=C2)C(C)(C)C
45786370,B1(OC(C(O1)(C)C)(C)C)C2=CC(=CS2)C3CCCCC3
45785762,B1(OC(C(O1)(C)C)(C)C)C2=CN=CC(=N2)N3C=CC=N3
75487528,B1(OC(C(O1)(C)C)(C)C)C2=COC=C2C(=O)OC
66734238,B1(OC(C(O1)(C)C)(C)C)C=CC2=CN=CC=C2
45786550,B1(OC(C(O1)(C)C)(C)C)C2=NC=C(C=C2)C3CCCOC3
67487482,B1(OC(C(O1)(C)C)(C)C)C2=C(N=C(C=C2)OC)C
45785701,[2H]C1=NC(=CC=C1)B2OC(C(O2)(C)C)(C)C
57826676,B1(OC(C(O1)(C)C)(C)C)C2=C(C=NN2C)C
49760388,B1(OC(C(O1)(C)C)(C)C)C2=C(C(=NC=C2)OC)C=O
59392638,B1(OC(C(O1)(C)C)(C)C)C2=C(N(N=C2)C3CCN(CC3)C(=O)OC(C)(C)C)C
53398557,B1(OC(C(O1)(C)C)(C)C)C2=C(C(=NC=C2)F)C
49760439,B1(OC(C(O1)(C)C)(C)C)C2=CC(=NC=C2)OC(=O)C
12067063,B1(OC(C(O1)(C)C)(C)C)C2=C(N=CC=C2)F
11816807,B(C1CCCC1)(C2CCCC2)C3CCCC3
45933715,B1(OC(C(O1)(C)C)(C)C)C2=CC(=C(C=C2)F)[N+](=O)[O-]
69513533,B1(OC(C(O1)(C)C)(C)C)C2=C(N(N=C2)C)C(=O)OC
57415698,B1(OC(C(O1)(C)C)(C)C)C2=CC(=C(N=C2)N(C(=O)OC(C)(C)C)C(=O)OC(C)(C)C)C
46739829,B1(OC(C(O1)(C)C)(C)C)C2=CC=CC=C2CC(=O)N
53407631,B1(OC(C(O1)(C)C)(C)C)C2=C3CN(C(=O)C3=CC=C2)C
15906198,B1(OC(C(O1)(C)C)(C)C)C2=CC(=CC(=C2)C)C
16115618,B1(OC(C(O1)(C)C)(C)C)C2=CC(=C(C=C2OC)OC)C3OCCO3
60146089,B1(OC(C(O1)(C)C)(C)C)C2=CN(N=C2)CC(=O)OC
53398357,B1(OC(C(O1)(C)C)(C)C)C2=CN=C(C=C2)C(=O)N
49761088,B1(OC(C(O1)(C)C)(C)C)C2=CC(N(CC2)C(=O)OC(C)(C)C)C
58148680,B1(OC(C(O1)(C)C)(C)C)C2=CC=C(C=C2)OC(C)(C)C(=O)OCC
53217099,B1(OC(C(O1)(C)C)(C)C)C2CCCN2C(=O)OC(C)(C)C
72220313,B1(OC(C(O1)(C)C)(C)C)C2=CC(=C(N=C2)C)C(=O)OC
72218806,B1(OC(C(O1)(C)C)(C)C)C2=C(C=CN=C2)N(C)C
53398060,B1(OC(C(O1)(C)C)(C)C)C2=C(C=CN=C2)C(F)(F)F
68266589,B1(OC(C(O1)(C)C)(C)C)C2=CN=CC(=N2)N(C(=O)OC(C)(C)C)C(=O)OC(C)(C)C
53217185,B1(OC(C(O1)(C)C)(C)C)C2=CC(=CN=C2)C(=O)N3CCCC3
73425017,B1(OC(C(O1)(C)C)(C)C)C2=CC(=C(N=C2)C3CC3)OC(F)(F)F
53217331,B1(OC(C(O1)(C)C)(C)C)C2=C(C=C(C=C2)CBr)F
44118773,B1(OC(C(O1)(C)C)(C)C)C2=CC=CN2C
53217252,B1(OC(C(O1)(C)C)(C)C)C2=CC=NN2CC
68344390,B1(OC(C(O1)(C)C)(C)C)C2=C3CCCC3=CC=C2
72218125,B1(OC(C(O1)(C)C)(C)C)C2=CC=C(C(=O)N2)C=O
76847752,B1(OC(C(O1)(C)C)(C)C)C2=CN=C(C=C2C)OC3CC3
66521480,B1(OC(C(O1)(C)C)(C)C)C2=NN(C=C2C)C(=O)OC(C)(C)C
71143857,B1(OC(C(O1)(C)C)(C)C)C2=CC(=CS2)F
49760411,B1(OC(C(O1)(C)C)(C)C)C2=CC(=NC(=C2)C(=O)OC)C(=O)OC
58539376,B1(OC(C(O1)(C)C)(C)C)C2=CC=CC=C2CC(=O)OCC
2734651,B1(OC(C(O1)(C)C)(C)C)C2=CC(=CC=C2)C(=O)OC
16414272,B1(OC(C(O1)(C)C)(C)C)C2=CN=C(C=C2)C
45786059,B1(OC(C(O1)(C)C)(C)C)C2=NC=CC(=C2)N3CCN(CC3)C
66520119,B1(OC(C(O1)(C)C)(C)C)C2=CC=C(S2)C3=C(C=C(C=C3)F)C
45786528,B1(OC(C(O1)(C)C)(C)C)C2=CN=C(C=C2)C3=CN=CC=C3
